<?xml version="1.0" encoding="UTF-8"?>
<beans xmlns="http://www.springframework.org/schema/beans"
	xmlns:xsi="http://www.w3.org/2001/XMLSchema-instance"
	xmlns:aop="http://www.springframework.org/schema/aop"
	xmlns:context="http://www.springframework.org/schema/context"
	xmlns:mvc="http://www.springframework.org/schema/mvc"
	xsi:schemaLocation="http://www.springframework.org/schema/beans http://www.springframework.org/schema/beans/spring-beans-4.2.xsd
		http://www.springframework.org/schema/aop http://www.springframework.org/schema/aop/spring-aop-4.3.xsd
		http://www.springframework.org/schema/context http://www.springframework.org/schema/context/spring-context-4.3.xsd
		http://www.springframework.org/schema/mvc http://www.springframework.org/schema/mvc/spring-mvc-4.3.xsd">
	<!-- SpringMvc的配置文件，包含网站跳转文件的配置 -->
	
	<context:component-scan base-package="com.atguigu" use-default-filters="false">
	<!-- -只扫描控制器 -->
		<context:include-filter type="annotation" expression="org.springframework.stereotype.Controller"/>
	</context:component-scan>
	
	<!-- ，配置视图解析器 如何把 handler 方法返回值解析为实际的物理视图，jsp路径的前缀和后缀 -->
	<bean class="org.springframework.web.servlet.view.InternalResourceViewResolver">
		<property name="prefix" value="/WEB-INF/views/"></property>
		<property name="suffix" value=".jsp"></property>
	</bean>
	
	<!-- 两个标准配置 -->
	<!-- 将springmvc不能处理的请求交给tomcat -->
	<mvc:default-servlet-handler/>
	<!-- 能支持springmvc更高级的一些功能,JRS303校验，ajax请求..映射动态请求 -->
	<mvc:annotation-driven></mvc:annotation-driven>
	
	</beans>